timestamp,src_ip,dst_ip,src_port,dst_port,seq,ack,payload_len,inter_arrival_time,jitter,retransmission_rate,duplicate_ack_count,rtt_estimate,retransmission,lost_segment,duplicate_ack,packet_lost
1771738798.737996,10.0.0.1,10.0.0.2,49062,5001,0,0,0,0.0,0.0,0.0,0.0,0.0,0,0,0,0
1771738800.729208,10.0.0.1,10.0.0.2,49062,5001,0,0,0,1.9912118911743164,1.4079994310286488,0.5,0.0,0.0,1,0,0,1
1771738801.753216,10.0.0.1,10.0.0.2,49062,5001,0,0,0,1.02400803565979,0.9957409762560395,0.6666666666666666,0.0,0.0,1,0,0,1
1771738802.77721,10.0.0.1,10.0.0.2,49062,5001,0,0,0,1.023993968963623,0.8130741411708867,0.75,0.0,0.0,1,0,0,1
1771738802.81776,10.0.0.1,10.0.0.2,49062,5001,1,1,60,0.04054999351501465,0.8268661506842735,0.6,0.0,0.0,0,0,0,0
1771738802.817863,10.0.0.1,10.0.0.2,49062,5001,61,1,2896,0.000102996826171875,0.8268407422205827,0.5,0.0,0.0,0,0,0,0
1771738802.819011,10.0.0.1,10.0.0.2,49062,5001,5853,1,2896,0.0011479854583740234,0.5534768370550328,0.42857142857142855,0.0,0.0,0,1,0,1
1771738802.821433,10.0.0.1,10.0.0.2,49062,5001,8749,1,2896,0.0024220943450927734,0.4533204211536433,0.375,0.0,0.0,0,0,0,0
1771738802.823853,10.0.0.1,10.0.0.2,49062,5001,11645,1,1448,0.0024199485778808594,0.017480266774656673,0.3333333333333333,0.0,0.0,0,0,0,0
1771738802.858,10.0.0.1,10.0.0.2,49062,5001,13093,1,2896,0.034147024154663086,0.014622056243737013,0.3,0.0,0.0,0,0,0,0
1771738802.859227,10.0.0.1,10.0.0.2,49062,5001,15989,1,2896,0.0012269020080566406,0.01447730778494961,0.3,0.0,0.0,0,0,0,0
1771738802.861584,10.0.0.1,10.0.0.2,49062,5001,21781,1,2896,0.002357006072998047,0.014337983419473475,0.2,0.0,0.0,0,1,0,1
1771738802.873205,10.0.0.1,10.0.0.2,49062,5001,2957,1,1448,0.01162099838256836,0.013945593248509731,0.1,0.0,0.0,0,0,0,0
1771738802.901732,10.0.0.1,10.0.0.2,49062,5001,18885,1,2896,0.028527021408081055,0.015073920731386619,0.0,0.0,0.0,0,0,0,0
1771738802.902877,10.0.0.1,10.0.0.2,49062,5001,27573,1,2896,0.0011451244354248047,0.011773069536102888,0.0,0.0,0.0,0,1,0,1
1771738802.913325,10.0.0.1,10.0.0.2,49062,5001,31917,1,1448,0.010447978973388672,0.01094924755289184,0.0,0.0,0.0,0,1,0,1
1771738802.942955,10.0.0.1,10.0.0.2,49062,5001,4405,1,1448,0.029629945755004883,0.012379354196724512,0.0,0.0,0.0,0,0,0,0
1771738802.942958,10.0.0.1,10.0.0.2,49062,5001,18885,1,2896,3.0994415283203125e-06,0.01439700728176557,0.0,0.0,0.0,0,0,0,0
1771738802.983022,10.0.0.1,10.0.0.2,49062,5001,30469,1,1448,0.04006385803222656,0.017831888250064994,0.1,0.0,0.0,1,0,0,1
1771738802.983026,10.0.0.1,10.0.0.2,49062,5001,34813,1,2896,4.0531158447265625e-06,0.018079244522463702,0.1,0.0,0.0,0,1,0,1
1771738813.465207,10.0.0.1,10.0.0.2,49062,5001,24677,1,1448,10.482181072235107,4.680014962811101,0.2,0.0,0.0,1,0,0,1
1771738814.018608,10.0.0.1,10.0.0.2,49062,5001,26125,1,1448,0.553400993347168,4.62736316898093,0.3,0.0,0.010802984237670898,1,0,0,1
1771738814.019769,10.0.0.1,10.0.0.2,49062,5001,30469,1,1448,0.0011608600616455078,4.62722464032383,0.4,0.0,0.011963844299316406,1,0,0,1
1771738814.020979,10.0.0.1,10.0.0.2,49062,5001,33365,1,1448,0.0012099742889404297,4.631821368607079,0.5,0.0,0.013173818588256836,1,0,0,1
1771738814.022205,10.0.0.1,10.0.0.2,49062,5001,37709,29,1448,0.001226186752319336,4.631675777301017,0.5,0.0,0.013173818588256836,0,0,0,0
1771738814.059944,10.0.0.1,10.0.0.2,49062,5001,42053,29,2896,0.037738800048828125,0.24338180700830525,0.5,0.0,0.013173818588256836,0,1,0,1
1771738814.06109,10.0.0.1,10.0.0.2,49062,5001,44949,29,1448,0.001146078109741211,0.01634704360886722,0.5,0.0,0.013173818588256836,0,0,0,0
1771738814.06238,10.0.0.1,10.0.0.2,49062,5001,46397,29,1448,0.0012900829315185547,0.01633264265208013,0.5,0.0,0.013173818588256836,0,0,0,0
1771738814.099982,10.0.0.1,10.0.0.2,49062,5001,47845,29,2896,0.03760194778442383,0.01996438720283514,0.4,0.0,0.013173818588256836,0,0,0,0
1771738814.140057,10.0.0.1,10.0.0.2,49062,5001,40605,29,1448,0.040075063705444336,0.020428500667632635,0.4,0.0,0.013173818588256836,0,0,0,0
1771738814.14006,10.0.0.1,10.0.0.2,49062,5001,46397,29,1448,2.86102294921875e-06,0.02085173409383276,0.3,0.0,0.013173818588256836,0,0,0,0
1771738814.141204,10.0.0.1,10.0.0.2,49062,5001,50741,29,1448,0.0011441707611083984,0.020852074318468944,0.2,0.0,0.013173818588256836,0,0,0,0
1771738831.385208,10.0.0.1,10.0.0.2,49062,5001,39157,29,1448,17.244003772735596,7.702963952788561,0.2,0.0,0.013173818588256836,1,0,0,1
1771738865.689209,10.0.0.1,10.0.0.2,49062,5001,39157,29,1448,34.30400109291077,15.344641546211587,0.2,0.0,0.013173818588256836,1,0,0,1
1771738935.321439,10.0.0.1,10.0.0.2,49062,5001,39157,29,1448,69.63223004341125,29.09373709841086,0.3,0.0,0.013173818588256836,1,0,0,1
1771738799.705292,10.0.0.1,10.0.0.2,49064,5001,0,0,0,0.0,0.0,0.0,0.0,0.0,0,0,0,0
1771738800.729309,10.0.0.1,10.0.0.2,49064,5001,0,0,0,1.024017095565796,0.7240894323255271,0.5,0.0,0.0,1,0,0,1
1771738801.753217,10.0.0.1,10.0.0.2,49064,5001,0,0,0,1.0239078998565674,0.5911850262147768,0.6666666666666666,0.0,0.0,1,0,0,1
1771738802.777217,10.0.0.1,10.0.0.2,49064,5001,0,0,0,1.0239999294281006,0.5119874897199045,0.75,0.0,0.0,1,0,0,1
1771738802.81738,10.0.0.1,10.0.0.2,49064,5001,1,1,0,0.04016304016113281,0.5500384132652534,0.6,0.0,0.0,0,0,0,0
1771738813.977221,10.0.0.1,10.0.0.2,49064,5001,1,1,60,11.159841060638428,4.662393382178743,0.5,0.0,0.0,0,0,0,0
1771738814.018506,10.0.0.1,10.0.0.2,49064,5001,4405,29,0,0.041285037994384766,4.778121546550698,0.42857142857142855,0.0,0.0,0,1,0,1
1771738820.633207,10.0.0.1,10.0.0.2,49064,5001,61,29,1448,6.61470103263855,4.9511970872660696,0.5,0.0,0.0,1,0,0,1
1771738832.921207,10.0.0.1,10.0.0.2,49064,5001,61,29,1448,12.287999868392944,5.86435319185893,0.5555555555555556,0.0,0.0,1,0,0,1
1771738832.96129,10.0.0.1,10.0.0.2,49064,5001,4405,29,1448,0.04008293151855469,5.864373643523968,0.5,0.0,0.0,0,0,0,0
1771738832.961291,10.0.0.1,10.0.0.2,49064,5001,5853,29,1448,1.1920928955078125e-06,5.5379043505633225,0.5,0.0,0.0,0,0,0,0
1771738833.001374,10.0.0.1,10.0.0.2,49064,5001,1509,29,1448,0.04008293151855469,5.538108174986328,0.4,0.0,0.0,0,0,0,0
1771738833.041466,10.0.0.1,10.0.0.2,49064,5001,2957,29,1448,0.04009199142456055,5.481942711213931,0.4,0.0,0.0,1,0,0,1
1771738839.065208,10.0.0.1,10.0.0.2,49064,5001,2957,29,1448,6.023741960525513,2.6805101278754577,0.4,0.0,0.0,1,0,0,1
1771738850.841217,10.0.0.1,10.0.0.2,49064,5001,2957,29,1448,11.77600908279419,5.26841323589472,0.5,0.0,0.0,1,0,0,1
1771738850.881407,10.0.0.1,10.0.0.2,49064,5001,8749,29,1448,0.04018998146057129,5.261619884903847,0.5,0.0,0.0,0,1,0,1
1771738850.882453,10.0.0.1,10.0.0.2,49064,5001,10197,29,1448,0.0010459423065185547,5.268218007004954,0.5,0.0,0.0,0,0,0,0
1771738850.92156,10.0.0.1,10.0.0.2,49064,5001,7301,29,1448,0.03910708427429199,5.268383294725929,0.5,0.0,0.0,1,0,0,1
1771738850.922592,10.0.0.1,10.0.0.2,49064,5001,11645,29,1448,0.0010318756103515625,5.257328831496046,0.4,0.0,0.0,0,0,0,0
1771738873.881211,10.0.0.1,10.0.0.2,49064,5001,7301,29,1448,22.958619117736816,10.258326786493,0.5,0.0,0.0,1,0,0,1
1771738873.921316,10.0.0.1,10.0.0.2,49064,5001,14541,29,1448,0.04010486602783203,10.258336261569946,0.5,0.0,0.0,0,1,0,1
1771738873.921318,10.0.0.1,10.0.0.2,49064,5001,15989,29,1448,2.1457672119140625e-06,10.258453461666809,0.5,0.0,0.0,0,0,0,0
1771738873.974212,10.0.0.1,10.0.0.2,49064,5001,13093,29,1448,0.052893877029418945,10.256920191515462,0.5,0.0,0.0,1,0,0,1
1771738914.841299,10.0.0.1,10.0.0.2,49064,5001,13093,29,1448,40.8670871257782,18.57485655266152,0.5,0.0,0.0,1,0,0,1
1771738914.882999,10.0.0.1,10.0.0.2,49064,5001,17437,29,1448,0.041699886322021484,18.26126798017113,0.4,0.0,0.0,0,0,0,0
1771738914.883006,10.0.0.1,10.0.0.2,49064,5001,18885,29,1448,7.152557373046875e-06,18.265755761712626,0.4,0.0,0.0,0,0,0,0
1771738914.923507,10.0.0.1,10.0.0.2,49064,5001,20333,29,1448,0.04050087928771973,18.261223178142437,0.4,0.0,0.0,0,0,0,0
1771738930.20121,10.0.0.1,10.0.0.2,49064,5001,24677,29,1448,15.277703046798706,17.827193671990244,0.3,0.0,0.0,0,1,0,1
1771738930.241386,10.0.0.1,10.0.0.2,49064,5001,26125,29,2896,0.0401759147644043,6.8187364759065785,0.3,0.0,0.0,0,0,0,0
1771738930.254205,10.0.0.1,10.0.0.2,49064,5001,21781,29,1448,0.012819051742553711,6.821965150950929,0.2,0.0,0.0,0,0,0,0
1771738798.738004,10.0.0.1,10.0.0.2,49082,5001,0,0,0,0.0,0.0,0.0,0.0,0.0,0,0,0,0
1771738799.705174,10.0.0.1,10.0.0.2,49082,5001,0,0,0,0.967170000076294,0.6838924656141412,0.5,0.0,0.0,1,0,0,1
1771738799.746264,10.0.0.1,10.0.0.2,49082,5001,1,1,0,0.04109001159667969,0.5469202170888359,0.3333333333333333,0.0,0.0,0,0,0,0
1771738802.834972,10.0.0.1,10.0.0.2,49082,5001,61,1,2896,3.08870792388916,1.4469434763136877,0.25,0.0,0.0,0,1,0,1
1771738802.837397,10.0.0.1,10.0.0.2,49082,5001,2957,1,2896,0.0024251937866210938,1.3338125723814074,0.2,0.0,0.0,0,0,0,0
1771738802.839808,10.0.0.1,10.0.0.2,49082,5001,5853,1,2896,0.002410888671875,1.3334424707027424,0.16666666666666666,0.0,0.0,0,0,0,0
1771738802.842227,10.0.0.1,10.0.0.2,49082,5001,8749,1,2896,0.002418994903564453,1.3760089255297836,0.14285714285714285,0.0,0.0,0,0,0,0
1771738802.875081,10.0.0.1,10.0.0.2,49082,5001,13093,1,2896,0.03285408020019531,1.376890909742897,0.125,0.0,0.0,0,1,0,1
1771738802.88342,10.0.0.1,10.0.0.2,49082,5001,1,1,60,0.00833892822265625,0.013200666573077264,0.1111111111111111,0.0,0.0,0,0,0,0
1771738802.916225,10.0.0.1,10.0.0.2,49082,5001,11645,1,1448,0.03280496597290039,0.015763817623389173,0.2,0.0,0.0,1,0,0,1
1771738802.916226,10.0.0.1,10.0.0.2,49082,5001,20333,1,2896,9.5367431640625e-07,0.016301885236987692,0.2,0.0,0.0,0,1,0,1
1771738802.95737,10.0.0.1,10.0.0.2,49082,5001,1,1,60,0.04114413261413574,0.017792897929520508,0.2,0.0,0.0,1,0,0,1
1771738802.957373,10.0.0.1,10.0.0.2,49082,5001,15989,1,1448,2.86102294921875e-06,0.01926235797046879,0.3,0.0,0.0,1,0,0,1
1771738802.99743,10.0.0.1,10.0.0.2,49082,5001,17437,1,1448,0.04005718231201172,0.021058982200893597,0.4,0.0,0.0,1,0,0,1
1771738802.997432,10.0.0.1,10.0.0.2,49082,5001,18885,1,1448,1.9073486328125e-06,0.022240171679448098,0.5,0.0,0.0,1,0,0,1
1771738803.037638,10.0.0.1,10.0.0.2,49082,5001,20333,1,2896,0.040205955505371094,0.02216844457785893,0.6,0.0,0.0,1,0,0,1
1771738803.038773,10.0.0.1,10.0.0.2,49082,5001,23229,1,1448,0.001135110855102539,0.021777826823285024,0.6,0.0,0.0,0,0,0,0
1771738803.16921,10.0.0.1,10.0.0.2,49082,5001,27573,1,1448,0.13043689727783203,0.05305935811560746,0.6,0.0,0.0,0,1,0,1
1771738803.263207,10.0.0.1,10.0.0.2,49082,5001,24677,1,1448,0.09399700164794922,0.05774850349391777,0.7,0.0,0.0,1,0,0,1
1771738803.529208,10.0.0.1,10.0.0.2,49082,5001,24677,1,1448,0.26600098609924316,0.10206177043389686,0.7,0.0,0.0,1,0,0,1
1771738803.833222,10.0.0.1,10.0.0.2,49082,5001,26125,1,1448,0.3040139675140381,0.12494074340895493,0.8,0.0,0.0,1,0,0,1
1771738803.873303,10.0.0.1,10.0.0.2,49082,5001,29021,1,1448,0.040081024169921875,0.1133012610413018,0.7,0.0,0.0,0,0,0,0
1771738803.913354,10.0.0.1,10.0.0.2,49082,5001,31917,1,1448,0.04005098342895508,0.1269615843947581,0.6,0.0,0.0,0,1,0,1
1771738804.209213,10.0.0.1,10.0.0.2,49082,5001,30469,1,1448,0.29585909843444824,0.13687466892230127,0.6,0.0,0.0,1,0,0,1
1771738804.721231,10.0.0.1,10.0.0.2,49082,5001,30469,1,1448,0.5120179653167725,0.20071514648423905,0.6,0.0,0.0,1,0,0,1
1771738805.785211,10.0.0.1,10.0.0.2,49082,5001,30469,1,1448,1.0639801025390625,0.4251196550115761,0.6,0.0,0.0,1,0,0,1
1771738807.833209,10.0.0.1,10.0.0.2,49082,5001,30469,1,1448,2.0479979515075684,0.7971005404086068,0.7,0.0,0.0,1,0,0,1
1771738807.873465,10.0.0.1,10.0.0.2,49082,5001,33365,1,1448,0.04025602340698242,0.7970521890367995,0.7,0.0,0.0,0,0,0,0
1771738807.873474,10.0.0.1,10.0.0.2,49082,5001,34813,1,1448,8.821487426757812e-06,0.8521693898541297,0.6,0.0,0.0,0,0,0,0
1771738807.913601,10.0.0.1,10.0.0.2,49082,5001,36261,1,1448,0.04012703895568848,0.9071018176939389,0.5,0.0,0.0,0,0,0,0
1771738807.913604,10.0.0.1,10.0.0.2,49082,5001,37709,1,1448,3.0994415283203125e-06,0.9071266503584122,0.4,0.0,0.0,0,0,0,0
1771738807.914751,10.0.0.1,10.0.0.2,49082,5001,39157,1,1448,0.0011470317840576172,0.02180723733485287,0.4,0.0,0.0,0,0,0,0
1771738808.601213,10.0.0.1,10.0.0.2,49082,5001,43501,1,1448,0.6864619255065918,0.30286880988487147,0.4,0.0,0.0,0,1,0,1
1771738808.641327,10.0.0.1,10.0.0.2,49082,5001,44949,1,2896,0.04011392593383789,0.29855106121407426,0.3,0.0,0.0,0,0,0,0
1771738811.99321,10.0.0.1,10.0.0.2,49082,5001,40605,1,1448,3.3518831729888916,1.4473526739102824,0.3,0.0,0.0,1,0,0,1
1771738812.033367,10.0.0.1,10.0.0.2,49082,5001,42053,1,1448,0.04015684127807617,1.4417944139911238,0.3,0.0,0.0,1,0,0,1
1771738812.033372,10.0.0.1,10.0.0.2,49082,5001,47845,1,1448,5.0067901611328125e-06,1.44195742839743,0.2,0.0,0.0,0,0,0,0
1771738812.034508,10.0.0.1,10.0.0.2,49082,5001,49293,1,1448,0.0011360645294189453,1.4900369850915505,0.2,0.0,0.0,0,0,0,0
1771738812.074898,10.0.0.1,10.0.0.2,49082,5001,50741,1,2896,0.0403900146484375,1.4900070403478571,0.2,0.0,0.0,0,0,0,0
1771738812.076041,10.0.0.1,10.0.0.2,49082,5001,53637,1,1448,0.0011429786682128906,0.021646769145412605,0.2,0.0,0.0,0,0,0,0
1771738812.088225,10.0.0.1,10.0.0.2,49082,5001,47845,1,1448,0.012183904647827148,0.01717933733367437,0.2,0.0,0.0,0,0,0,0
1771738814.023404,10.0.0.1,10.0.0.2,49082,5001,55085,29,1448,1.9351789951324463,0.8594554529738032,0.2,0.0,0.0,0,0,0,0
1771738819.609208,10.0.0.1,10.0.0.2,49082,5001,47845,29,1448,5.585804224014282,2.4224311809936276,0.3,0.0,0.0,1,0,0,1
1771738819.649349,10.0.0.1,10.0.0.2,49082,5001,56533,29,1448,0.04014086723327637,2.4224690976825016,0.3,0.0,0.0,0,0,0,0
1771738819.649351,10.0.0.1,10.0.0.2,49082,5001,57981,29,1448,1.9073486328125e-06,2.4226474024095306,0.2,0.0,0.0,0,0,0,0
1771738820.697209,10.0.0.1,10.0.0.2,49082,5001,62325,29,1448,1.0478579998016357,2.3034117721881437,0.1,0.0,0.0,0,1,0,1
1771738825.753209,10.0.0.1,10.0.0.2,49082,5001,59429,29,1448,5.056000232696533,2.7543737358579192,0.2,0.0,0.0,1,0,0,1
1771738825.793326,10.0.0.1,10.0.0.2,49082,5001,63773,29,1448,0.04011678695678711,2.180349903598768,0.2,0.0,0.0,0,0,0,0
1771738825.793328,10.0.0.1,10.0.0.2,49082,5001,65221,29,1448,2.1457672119140625e-06,2.1859241940505436,0.2,0.0,0.0,0,0,0,0
1771738825.833386,10.0.0.1,10.0.0.2,49082,5001,60877,29,1448,0.04005789756774902,2.18036125452702,0.2,0.0,0.0,0,0,0,0
1771738825.833388,10.0.0.1,10.0.0.2,49082,5001,62325,29,1448,2.1457672119140625e-06,2.2522369420145085,0.2,0.0,0.0,0,0,0,0
1771738825.873453,10.0.0.1,10.0.0.2,49082,5001,66669,29,1448,0.04006481170654297,0.021951464645605247,0.2,0.0,0.0,0,0,0,0
1771738825.87346,10.0.0.1,10.0.0.2,49082,5001,68117,29,1448,7.152557373046875e-06,0.02194041845470923,0.1,0.0,0.0,0,0,0,0
1771738825.91362,10.0.0.1,10.0.0.2,49082,5001,69565,29,2896,0.04015994071960449,0.02195799753482493,0.1,0.0,0.0,0,0,0,0
1771738825.914766,10.0.0.1,10.0.0.2,49082,5001,72461,29,2896,0.001146078109741211,0.02176452648132206,0.1,0.0,0.0,0,0,0,0
1771738825.95371,10.0.0.1,10.0.0.2,49082,5001,75357,29,2896,0.03894400596618652,0.021450424892876633,0.1,0.0,0.0,0,0,0,0
1771738825.993776,10.0.0.1,10.0.0.2,49082,5001,78253,29,2896,0.04006600379943848,0.02145064720140218,0.0,0.0,0.0,0,0,0,0
1771738825.99493,10.0.0.1,10.0.0.2,49082,5001,81149,29,2896,0.0011539459228515625,0.021132884588489977,0.0,0.0,0.0,0,0,0,0
1771738826.035228,10.0.0.1,10.0.0.2,49082,5001,86941,29,2896,0.0402979850769043,0.02115886869437773,0.0,0.0,0.0,0,1,0,1
1771738826.369207,10.0.0.1,10.0.0.2,49082,5001,89837,29,1448,0.33397889137268066,0.13691766262363148,0.0,0.0,0.0,0,0,0,0
1771738828.633482,10.0.0.1,10.0.0.2,49082,5001,84045,29,1448,2.264275074005127,0.9753817928253423,0.1,0.0,0.0,1,0,0,1
1771738828.673609,10.0.0.1,10.0.0.2,49082,5001,91285,29,1448,0.04012703895568848,0.9753740355412246,0.1,0.0,0.0,0,0,0,0
1771738828.673611,10.0.0.1,10.0.0.2,49082,5001,92733,29,1448,1.9073486328125e-06,0.9755320789409428,0.1,0.0,0.0,0,0,0,0
1771738828.713659,10.0.0.1,10.0.0.2,49082,5001,85493,29,1448,0.04004812240600586,0.9755638089250503,0.1,0.0,0.0,0,0,0,0
1771738828.713761,10.0.0.1,10.0.0.2,49082,5001,86941,29,1448,0.00010204315185546875,1.003838730380457,0.1,0.0,0.0,0,0,0,0
1771738830.681207,10.0.0.1,10.0.0.2,49082,5001,86941,29,1448,1.9674458503723145,0.871123084261868,0.2,0.0,0.0,1,0,0,1
1771738830.721366,10.0.0.1,10.0.0.2,49082,5001,88389,29,1448,0.040158987045288086,0.8711196973086459,0.3,0.0,0.0,1,0,0,1
1771738830.72137,10.0.0.1,10.0.0.2,49082,5001,89837,29,1448,4.0531158447265625e-06,0.8711194451056127,0.4,0.0,0.0,1,0,0,1
1771738830.761593,10.0.0.1,10.0.0.2,49082,5001,94181,29,1448,0.040223121643066406,0.8711008910190831,0.4,0.0,0.0,0,0,0,0
1771738830.761693,10.0.0.1,10.0.0.2,49082,5001,95629,29,1448,9.989738464355469e-05,0.8711011431886976,0.4,0.0,0.0,0,0,0,0
1771738830.801771,10.0.0.1,10.0.0.2,49082,5001,97077,29,1448,0.040077924728393555,0.02196451091011382,0.3,0.0,0.0,0,0,0,0
1771738830.841859,10.0.0.1,10.0.0.2,49082,5001,99973,29,1448,0.04008817672729492,0.021951597309153293,0.3,0.0,0.0,0,1,0,1
1771738830.841862,10.0.0.1,10.0.0.2,49082,5001,101421,29,1448,2.86102294921875e-06,0.02195192443038237,0.3,0.0,0.0,0,0,0,0
1771738831.001208,10.0.0.1,10.0.0.2,49082,5001,102869,29,1448,0.1593461036682129,0.06542443457176775,0.3,0.0,0.0,0,0,0,0
1771738832.089316,10.0.0.1,10.0.0.2,49082,5001,98525,29,1448,1.0881078243255615,0.4636988818790531,0.4,0.0,0.0,1,0,0,1
1771738832.129395,10.0.0.1,10.0.0.2,49082,5001,104317,29,1448,0.04007911682128906,0.4636987369828512,0.3,0.0,0.0,0,0,0,0
1771738832.129399,10.0.0.1,10.0.0.2,49082,5001,105765,29,1448,4.0531158447265625e-06,0.4688881328637912,0.2,0.0,0.0,0,0,0,0
1771738832.16949,10.0.0.1,10.0.0.2,49082,5001,108661,29,1448,0.04009103775024414,0.4636982185947594,0.1,0.0,0.0,0,1,0,1
1771738832.209559,10.0.0.1,10.0.0.2,49082,5001,110109,29,2896,0.040068864822387695,0.4734911298640191,0.1,0.0,0.0,0,0,0,0
1771738832.24966,10.0.0.1,10.0.0.2,49082,5001,113005,29,1448,0.040101051330566406,0.017924756382271877,0.1,0.0,0.0,0,0,0,0
1771738832.985212,10.0.0.1,10.0.0.2,49082,5001,107213,29,1448,0.7355520725250244,0.3159798950243102,0.2,0.0,0.0,1,0,0,1
1771738833.0253,10.0.0.1,10.0.0.2,49082,5001,113005,29,1448,0.04008793830871582,0.3110213360945933,0.3,0.0,0.0,1,0,0,1
1771738833.025302,10.0.0.1,10.0.0.2,49082,5001,114453,29,1448,1.9073486328125e-06,0.315980507027588,0.3,0.0,0.0,0,0,0,0
1771738833.689209,10.0.0.1,10.0.0.2,49082,5001,113005,29,1448,0.6639070510864258,0.36984852450209404,0.4,0.0,0.0,1,0,0,1
1771738833.729411,10.0.0.1,10.0.0.2,49082,5001,114453,29,1448,0.04020190238952637,0.36983108684933796,0.4,0.0,0.0,1,0,0,1
1771738833.729419,10.0.0.1,10.0.0.2,49082,5001,115901,29,1448,8.106231689453125e-06,0.28862909793826685,0.4,0.0,0.0,0,0,0,0
1771738833.769574,10.0.0.1,10.0.0.2,49082,5001,117349,29,1448,0.04015493392944336,0.2886227885530492,0.4,0.0,0.0,0,0,0,0
1771738837.65721,10.0.0.1,10.0.0.2,49082,5001,117349,29,1448,3.887636184692383,1.6783028342835715,0.5,0.0,0.0,1,0,0,1
1771738850.841209,10.0.0.1,10.0.0.2,49082,5001,117349,29,1448,13.183998823165894,5.7029936924773095,0.6,0.0,0.0,1,0,0,1
1771738850.881304,10.0.0.1,10.0.0.2,49082,5001,121693,29,1448,0.04009509086608887,5.7030095664332325,0.6,0.0,0.0,0,1,0,1
1771738851.337209,10.0.0.1,10.0.0.2,49082,5001,118797,29,1448,0.4559049606323242,5.637724624181181,0.6,0.0,0.0,1,0,0,1
1771738852.249209,10.0.0.1,10.0.0.2,49082,5001,118797,29,1448,0.9119999408721924,5.515282380962554,0.6,0.0,0.0,1,0,0,1
1771738854.105214,10.0.0.1,10.0.0.2,49082,5001,118797,29,1448,1.8560051918029785,5.572172240646814,0.7,0.0,0.0,1,0,0,1
1771738854.145316,10.0.0.1,10.0.0.2,49082,5001,120245,29,1448,0.04010176658630371,0.7589696497328768,0.7,0.0,0.0,1,0,0,1
1771738854.145317,10.0.0.1,10.0.0.2,49082,5001,123141,29,1448,1.1920928955078125e-06,0.767333110235787,0.6,0.0,0.0,0,0,0,0
1771738854.185412,10.0.0.1,10.0.0.2,49082,5001,124589,29,1448,0.040094852447509766,0.8150556593281978,0.6,0.0,0.0,0,0,0,0
1771738854.185415,10.0.0.1,10.0.0.2,49082,5001,126037,29,1448,3.0994415283203125e-06,0.8213087432133622,0.6,0.0,0.0,0,0,0,0
1771738855.001209,10.0.0.1,10.0.0.2,49082,5001,127485,29,1448,0.8157939910888672,0.3564316947273157,0.5,0.0,0.0,0,0,0,0
1771738858.71321,10.0.0.1,10.0.0.2,49082,5001,124589,29,1448,3.712001085281372,1.6025719928107154,0.5,0.0,0.0,1,0,0,1
1771738866.201217,10.0.0.1,10.0.0.2,49082,5001,124589,29,1448,7.488006830215454,3.2189820401824334,0.6,0.0,0.0,1,0,0,1
1771738881.049209,10.0.0.1,10.0.0.2,49082,5001,124589,29,1448,14.847992181777954,6.054850744300454,0.6,0.0,0.0,1,0,0,1
1771738881.089334,10.0.0.1,10.0.0.2,49082,5001,128933,29,1448,0.04012489318847656,6.045970325481026,0.5,0.0,0.0,0,0,0,0
1771738881.089338,10.0.0.1,10.0.0.2,49082,5001,130381,29,1448,4.0531158447265625e-06,6.208775740530602,0.4,0.0,0.0,0,0,0,0
1771738884.56921,10.0.0.1,10.0.0.2,49082,5001,126037,29,1448,3.479871988296509,6.223698469034244,0.4,0.0,0.0,1,0,0,1
1771738884.609423,10.0.0.1,10.0.0.2,49082,5001,127485,29,1448,0.04021286964416504,6.418784901409583,0.5,0.0,0.0,1,0,0,1
1771738884.609426,10.0.0.1,10.0.0.2,49082,5001,128933,29,1448,3.0994415283203125e-06,1.5473935550334394,0.6,0.0,0.0,1,0,0,1
1771738884.649568,10.0.0.1,10.0.0.2,49082,5001,131829,29,1448,0.040142059326171875,1.5473916915556067,0.6,0.0,0.0,0,0,0,0
1771738884.649569,10.0.0.1,10.0.0.2,49082,5001,133277,29,1448,9.5367431640625e-07,1.5473920481134362,0.6,0.0,0.0,0,0,0,0
1771738884.65072,10.0.0.1,10.0.0.2,49082,5001,134725,29,1448,0.0011508464813232422,0.02180030871060093,0.5,0.0,0.0,0,0,0,0
1771738884.68964,10.0.0.1,10.0.0.2,49082,5001,136173,29,2896,0.03892016410827637,0.021450706246144237,0.4,0.0,0.0,0,0,0,0
1771738884.690785,10.0.0.1,10.0.0.2,49082,5001,139069,29,1448,0.0011448860168457031,0.021242321431675995,0.3,0.0,0.0,0,0,0,0
1771738884.729855,10.0.0.1,10.0.0.2,49082,5001,134725,29,1448,0.03907012939453125,0.020944507493587297,0.3,0.0,0.0,0,0,0,0
1771738890.265364,10.0.0.1,10.0.0.2,49082,5001,134725,29,1448,5.535508871078491,2.466651165344051,0.4,0.0,0.0,1,0,0,1
1771738901.529352,10.0.0.1,10.0.0.2,49082,5001,134725,29,1448,11.263988018035889,5.013598582742978,0.4,0.0,0.0,1,0,0,1
1771738901.570192,10.0.0.1,10.0.0.2,49082,5001,140517,29,1448,0.04084014892578125,5.013279184075192,0.3,0.0,0.0,0,0,0,0
1771738901.570197,10.0.0.1,10.0.0.2,49082,5001,141965,29,1448,5.0067901611328125e-06,5.013471049471886,0.2,0.0,0.0,0,0,0,0
1771738901.610623,10.0.0.1,10.0.0.2,49082,5001,143413,29,1448,0.040425777435302734,5.013245511633846,0.2,0.0,0.0,0,0,0,0
1771738906.64921,10.0.0.1,10.0.0.2,49082,5001,139069,29,1448,5.0385870933532715,4.964423578996668,0.3,0.0,0.0,1,0,0,1
1771738916.889234,10.0.0.1,10.0.0.2,49082,5001,139069,29,1448,10.240024089813232,4.556960601461695,0.4,0.0,0.0,1,0,0,1
1771738916.929542,10.0.0.1,10.0.0.2,49082,5001,144861,29,1448,0.04030799865722656,4.557049098912818,0.4,0.0,0.0,0,0,0,0
1771738916.929546,10.0.0.1,10.0.0.2,49082,5001,146309,29,1448,4.0531158447265625e-06,4.557049259628611,0.4,0.0,0.0,0,0,0,0
1771738916.969697,10.0.0.1,10.0.0.2,49082,5001,147757,29,1448,0.04015088081359863,4.55709497779627,0.4,0.0,0.0,0,0,0,0
1771738916.969699,10.0.0.1,10.0.0.2,49082,5001,149205,29,1448,1.9073486328125e-06,4.570526004688871,0.3,0.0,0.0,0,0,0,0
1771738917.385208,10.0.0.1,10.0.0.2,49082,5001,150653,29,1448,0.4155089855194092,0.17796526202192262,0.2,0.0,0.0,0,0,0,0
1771738921.049192,10.0.0.1,10.0.0.2,49082,5001,147757,29,1448,3.6639840602874756,1.5972426213561346,0.3,0.0,0.0,1,0,0,1
1771738921.089399,10.0.0.1,10.0.0.2,49082,5001,153549,29,1448,0.0402071475982666,1.5921510805659151,0.3,0.0,0.0,0,1,0,1
1771738921.129554,10.0.0.1,10.0.0.2,49082,5001,154997,29,1448,0.04015493392944336,1.5921505766358843,0.3,0.0,0.0,0,0,0,0
1771738924.185208,10.0.0.1,10.0.0.2,49082,5001,152101,29,1448,3.0556540489196777,1.7695312286508447,0.3,0.0,0.0,1,0,0,1
1771738930.713208,10.0.0.1,10.0.0.2,49082,5001,152101,29,1448,6.5279998779296875,2.731880997332349,0.3,0.0,0.0,1,0,0,1
1771738930.753343,10.0.0.1,10.0.0.2,49082,5001,156445,29,1448,0.04013514518737793,2.8776089907247684,0.3,0.0,0.0,0,0,0,0
1771738930.753345,10.0.0.1,10.0.0.2,49082,5001,157893,29,1448,1.9073486328125e-06,2.884296153242423,0.3,0.0,0.0,0,0,0,0
1771738930.793431,10.0.0.1,10.0.0.2,49082,5001,159341,29,1448,0.04008603096008301,2.8843074566728126,0.3,0.0,0.0,0,0,0,0
1771738930.793533,10.0.0.1,10.0.0.2,49082,5001,160789,29,1448,0.00010204315185546875,2.9104985940212478,0.3,0.0,0.0,0,0,0,0
1771738930.833583,10.0.0.1,10.0.0.2,49082,5001,162237,29,2896,0.04005002975463867,0.021929998868041842,0.3,0.0,0.0,0,0,0,0
1771738930.873707,10.0.0.1,10.0.0.2,49082,5001,168029,29,2896,0.040123939514160156,0.02192794776698446,0.2,0.0,0.0,0,1,0,1
1771738930.913766,10.0.0.1,10.0.0.2,49082,5001,165133,29,2896,0.04005885124206543,0.017878580571472555,0.2,0.0,0.0,0,0,0,0
1771738932.441209,10.0.0.1,10.0.0.2,49082,5001,165133,29,1448,1.5274431705474854,0.6698631962252077,0.3,0.0,0.0,1,0,0,1
1771738932.481331,10.0.0.1,10.0.0.2,49082,5001,172373,29,1448,0.040122032165527344,0.6651651355576927,0.2,0.0,0.0,0,1,0,1
1771738932.481334,10.0.0.1,10.0.0.2,49082,5001,173821,29,1448,2.86102294921875e-06,0.669867614367666,0.1,0.0,0.0,0,0,0,0
1771738935.193213,10.0.0.1,10.0.0.2,49082,5001,170925,29,1448,2.711879014968872,1.220548915892719,0.2,0.0,0.0,1,0,0,1
1771738798.738005,10.0.0.1,10.0.0.2,49096,5001,0,0,0,0.0,0.0,0.0,0.0,0.0,0,0,0,0
1771738799.705181,10.0.0.1,10.0.0.2,49096,5001,0,0,0,0.9671759605407715,0.6838966802989922,0.5,0.0,0.0,1,0,0,1
1771738802.797301,10.0.0.1,10.0.0.2,49096,5001,1,1,0,3.0921201705932617,1.5817724438043792,0.3333333333333333,0.0,0.0,0,0,0,0
1771738802.825064,10.0.0.1,10.0.0.2,49096,5001,1,1,60,0.027762889862060547,1.4515961795915984,0.25,0.0,0.0,0,0,0,0
1771738802.825168,10.0.0.1,10.0.0.2,49096,5001,61,1,2896,0.00010395050048828125,1.3375749554494425,0.2,0.0,0.0,0,0,0,0
1771738802.827587,10.0.0.1,10.0.0.2,49096,5001,2957,1,2896,0.002418994903564453,1.3372057616960218,0.16666666666666666,0.0,0.0,0,0,0,0
1771738802.830017,10.0.0.1,10.0.0.2,49096,5001,5853,1,2896,0.0024302005767822266,1.3792270871985899,0.14285714285714285,0.0,0.0,0,0,0,0
1771738802.832458,10.0.0.1,10.0.0.2,49096,5001,8749,1,2896,0.002440929412841797,0.01163294852548325,0.125,0.0,0.0,0,0,0,0
1771738802.86544,10.0.0.1,10.0.0.2,49096,5001,15989,1,2896,0.03298187255859375,0.013959645734709024,0.1111111111111111,0.0,0.007217884063720703,0,1,0,1
1771738802.866592,10.0.0.1,10.0.0.2,49096,5001,18885,1,2896,0.00115203857421875,0.013817167815768737,0.1,0.0,0.008369922637939453,0,0,0,0
1771738802.906667,10.0.0.1,10.0.0.2,49096,5001,13093,29,1448,0.040075063705444336,0.019080574261977633,0.1,0.0,0.008369922637939453,0,0,0,0
1771738802.947837,10.0.0.1,10.0.0.2,49096,5001,2957,29,1448,0.04117012023925781,0.02012316540752854,0.1,0.0,0.008369922637939453,1,0,0,1
1771738802.987894,10.0.0.1,10.0.0.2,49096,5001,4405,29,1448,0.04005694389343262,0.017048511326096895,0.1,0.0,0.008369922637939453,0,0,0,0
1771738802.987895,10.0.0.1,10.0.0.2,49096,5001,11645,29,1448,9.5367431640625e-07,0.02183932343440273,0.1,0.0,0.008369922637939453,0,0,0,0
1771738803.027962,10.0.0.1,10.0.0.2,49096,5001,14541,29,1448,0.04006695747375488,0.018047516942942737,0.1,0.0,0.008369922637939453,0,0,0,0
1771738803.027963,10.0.0.1,10.0.0.2,49096,5001,15989,29,1448,9.5367431640625e-07,0.022149255977369497,0.1,0.0,0.008369922637939453,0,0,0,0
1771738803.068257,10.0.0.1,10.0.0.2,49096,5001,17437,29,1448,0.04029417037963867,0.0219849137513516,0.1,0.0,0.008369922637939453,0,0,0,0
1771738803.068359,10.0.0.1,10.0.0.2,49096,5001,24677,29,1448,0.00010180473327636719,0.02198905137021014,0.1,0.0,0.008369922637939453,0,1,0,1
1771738803.313226,10.0.0.1,10.0.0.2,49096,5001,17437,29,1448,0.24486708641052246,0.1024949184889189,0.1,0.0,0.008369922637939453,0,0,0,0
1771738803.801311,10.0.0.1,10.0.0.2,49096,5001,17437,29,1448,0.4880850315093994,0.2122479498804604,0.1,0.0,0.008369922637939453,0,0,0,0
1771738803.841429,10.0.0.1,10.0.0.2,49096,5001,26125,29,1448,0.04011797904968262,0.205593385520215,0.1,0.0,0.008369922637939453,0,0,0,0
1771738803.841432,10.0.0.1,10.0.0.2,49096,5001,27573,29,1448,3.0994415283203125e-06,0.2122713087823101,0.0,0.0,0.008369922637939453,0,0,0,0
1771738803.842573,10.0.0.1,10.0.0.2,49096,5001,29021,29,1448,0.0011408329010009766,0.21208263077531192,0.0,0.0,0.008369922637939453,0,0,0,0
1771738803.881487,10.0.0.1,10.0.0.2,49096,5001,21781,29,1448,0.03891396522521973,0.2102189076203662,0.0,0.0,0.008369922637939453,0,0,0,0
1771738803.882597,10.0.0.1,10.0.0.2,49096,5001,23229,29,1448,0.001110076904296875,0.02124147749475725,0.0,0.0,0.008369922637939453,0,0,0,0
1771738803.882708,10.0.0.1,10.0.0.2,49096,5001,24677,29,1448,0.00011110305786132812,0.01714679536490063,0.0,0.0,0.008369922637939453,0,0,0,0
1771738803.92156,10.0.0.1,10.0.0.2,49096,5001,27573,29,1448,0.03885197639465332,0.020869960803295205,0.0,0.0,0.008369922637939453,0,0,0,0
1771738809.945208,10.0.0.1,10.0.0.2,49096,5001,27573,29,1448,6.023648023605347,2.685094476298893,0.1,0.0,0.008369922637939453,1,0,0,1
1771738830.873213,10.0.0.1,10.0.0.2,49096,5001,27573,29,1448,20.92800498008728,9.063064912871743,0.2,0.0,0.008369922637939453,1,0,0,1
1771738830.913302,10.0.0.1,10.0.0.2,49096,5001,36261,29,1448,0.04008889198303223,9.057276664042465,0.2,0.0,0.008369922637939453,0,1,0,1
1771738830.913305,10.0.0.1,10.0.0.2,49096,5001,37709,29,1448,3.0994415283203125e-06,9.057292780225797,0.2,0.0,0.008369922637939453,0,0,0,0
1771738830.914451,10.0.0.1,10.0.0.2,49096,5001,39157,29,1448,0.0011458396911621094,9.062892822756499,0.2,0.0,0.008369922637939453,0,0,0,0
1771738830.953379,10.0.0.1,10.0.0.2,49096,5001,30469,29,1448,0.03892803192138672,9.350345820284744,0.2,0.0,0.008369922637939453,0,0,0,0
1771738830.953383,10.0.0.1,10.0.0.2,49096,5001,31917,29,1448,4.0531158447265625e-06,0.02143817164042633,0.2,0.0,0.008369922637939453,0,0,0,0
1771738830.993523,10.0.0.1,10.0.0.2,49096,5001,33365,29,1448,0.04013991355895996,0.02145249131456054,0.2,0.0,0.008369922637939453,0,0,0,0
1771738830.993526,10.0.0.1,10.0.0.2,49096,5001,34813,29,1448,3.0994415283203125e-06,0.02145249131456054,0.2,0.0,0.008369922637939453,0,0,0,0
1771738831.033636,10.0.0.1,10.0.0.2,49096,5001,42053,29,1448,0.040110111236572266,0.021762367502677713,0.2,0.0,0.008369922637939453,0,1,0,1
1771738831.073723,10.0.0.1,10.0.0.2,49096,5001,40605,29,1448,0.040086984634399414,0.021968480728981426,0.1,0.0,0.008369922637939453,0,0,0,0
1771738831.113809,10.0.0.1,10.0.0.2,49096,5001,43501,29,1448,0.04008603096008301,0.017934468492952816,0.0,0.0,0.008369922637939453,0,0,0,0
1771738831.153867,10.0.0.1,10.0.0.2,49096,5001,44949,29,1448,0.04005789756774902,0.017925294947026483,0.0,0.0,0.008369922637939453,0,0,0,0
1771738831.153869,10.0.0.1,10.0.0.2,49096,5001,46397,29,1448,1.9073486328125e-06,0.017925828066892358,0.0,0.0,0.008369922637939453,0,0,0,0
1771738831.19394,10.0.0.1,10.0.0.2,49096,5001,47845,29,1448,0.04007101058959961,0.01792145092460537,0.0,0.0,0.008369922637939453,0,0,0,0
1771738831.193941,10.0.0.1,10.0.0.2,49096,5001,49293,29,1448,1.1920928955078125e-06,0.02194729807640999,0.0,0.0,0.008369922637939453,0,0,0,0
1771738831.234075,10.0.0.1,10.0.0.2,49096,5001,50741,29,1448,0.04013395309448242,0.02195606398566194,0.0,0.0,0.008369922637939453,0,0,0,0
1771738831.234078,10.0.0.1,10.0.0.2,49096,5001,52189,29,1448,2.86102294921875e-06,0.02196395697132715,0.0,0.0,0.008369922637939453,0,0,0,0
1771738831.27428,10.0.0.1,10.0.0.2,49096,5001,53637,29,1448,0.04020214080810547,0.021982168003417686,0.0,0.0,0.008369922637939453,0,0,0,0
1771738831.274288,10.0.0.1,10.0.0.2,49096,5001,55085,29,1448,7.867813110351562e-06,0.021998782299140485,0.0,0.0,0.008369922637939453,0,0,0,0
1771738831.314482,10.0.0.1,10.0.0.2,49096,5001,57981,29,1448,0.040194034576416016,0.022002767699273756,0.0,0.0,0.008369922637939453,0,1,0,1
1771738848.281211,10.0.0.1,10.0.0.2,49096,5001,55085,29,1448,16.966728925704956,7.578788725947211,0.1,0.0,0.008369922637939453,1,0,0,1
1771738848.321599,10.0.0.1,10.0.0.2,49096,5001,56533,29,1448,0.04038810729980469,7.574266929945025,0.2,0.0,0.008369922637939453,1,0,0,1
1771738848.321603,10.0.0.1,10.0.0.2,49096,5001,57981,29,1448,4.0531158447265625e-06,7.578767923995647,0.3,0.0,0.008369922637939453,1,0,0,1
1771738848.362103,10.0.0.1,10.0.0.2,49096,5001,59429,29,1448,0.04049992561340332,7.574234166412281,0.3,0.0,0.008369922637939453,0,0,0,0
1771738848.362107,10.0.0.1,10.0.0.2,49096,5001,60877,29,1448,4.0531158447265625e-06,7.578734356923204,0.3,0.0,0.008369922637939453,0,0,0,0
1771738848.402555,10.0.0.1,10.0.0.2,49096,5001,63773,29,1448,0.04044795036315918,0.022150633713813823,0.3,0.0,0.008369922637939453,0,1,0,1
1771738848.402558,10.0.0.1,10.0.0.2,49096,5001,65221,29,1448,3.0994415283203125e-06,0.02216645058096175,0.3,0.0,0.008369922637939453,0,0,0,0
1771738848.455206,10.0.0.1,10.0.0.2,49096,5001,62325,29,1448,0.05264782905578613,0.024890409209069243,0.3,0.0,0.008369922637939453,0,0,0,0
1771738848.495291,10.0.0.1,10.0.0.2,49096,5001,63773,29,1448,0.0400850772857666,0.024833620747299414,0.3,0.0,0.008369922637939453,0,0,0,0
1771738848.535364,10.0.0.1,10.0.0.2,49096,5001,66669,29,1448,0.04007291793823242,0.02010530957281089,0.3,0.0,0.008369922637939453,0,0,0,0
1771738848.535366,10.0.0.1,10.0.0.2,49096,5001,68117,29,1448,2.1457672119140625e-06,0.024782504190786248,0.2,0.0,0.008369922637939453,0,0,0,0
1771738857.497207,10.0.0.1,10.0.0.2,49096,5001,66669,29,1448,8.961840867996216,3.9930579976975356,0.2,0.0,0.008369922637939453,1,0,0,1
1771738857.537309,10.0.0.1,10.0.0.2,49096,5001,69565,29,1448,0.04010200500488281,3.9944490713650564,0.1,0.0,0.008369922637939453,0,0,0,0
1771738857.537311,10.0.0.1,10.0.0.2,49096,5001,71013,29,1448,2.1457672119140625e-06,3.9989429952951987,0.1,0.0,0.008369922637939453,0,0,0,0
1771738857.538452,10.0.0.1,10.0.0.2,49096,5001,72461,29,1448,0.0011408329010009766,4.003282481841757,0.1,0.0,0.008369922637939453,0,0,0,0
1771738857.578503,10.0.0.1,10.0.0.2,49096,5001,78253,29,1448,0.04005098342895508,3.9988167166428217,0.1,0.0,0.008369922637939453,0,1,0,1
1771738857.61857,10.0.0.1,10.0.0.2,49096,5001,79701,29,1448,0.040067195892333984,0.021639837705254163,0.1,0.0,0.008369922637939453,0,0,0,0
1771738857.630205,10.0.0.1,10.0.0.2,49096,5001,73909,29,1448,0.01163482666015625,0.02012585006424331,0.1,0.0,0.008369922637939453,0,0,0,0
1771738857.658627,10.0.0.1,10.0.0.2,49096,5001,75357,29,1448,0.028422117233276367,0.01739566510515562,0.1,0.0,0.008369922637939453,0,0,0,0
1771738857.670259,10.0.0.1,10.0.0.2,49096,5001,76805,29,1448,0.011631965637207031,0.014259455547201106,0.1,0.0,0.008369922637939453,0,0,0,0
1771738857.698687,10.0.0.1,10.0.0.2,49096,5001,81149,29,1448,0.028428077697753906,0.012279828763242674,0.1,0.0,0.008369922637939453,0,0,0,0
1771738868.249214,10.0.0.1,10.0.0.2,49096,5001,76805,29,1448,10.550526857376099,4.70938918285096,0.1,0.0,0.008369922637939453,1,0,0,1
1771738868.289437,10.0.0.1,10.0.0.2,49096,5001,82597,29,1448,0.040223121643066406,4.706196452061386,0.1,0.0,0.008369922637939453,0,0,0,0
1771738868.289446,10.0.0.1,10.0.0.2,49096,5001,84045,29,1448,9.059906005859375e-06,4.7093873129656725,0.1,0.0,0.008369922637939453,0,0,0,0
1771738868.32966,10.0.0.1,10.0.0.2,49096,5001,85493,29,1448,0.040213823318481445,4.7061952386007615,0.1,0.0,0.008369922637939453,0,0,0,0
1771738868.369823,10.0.0.1,10.0.0.2,49096,5001,84045,29,1448,0.04016304016113281,4.704886736141306,0.1,0.0,0.008369922637939453,0,0,0,0
1771738868.410031,10.0.0.1,10.0.0.2,49096,5001,86941,29,1448,0.04020810127258301,0.017974853801445367,0.1,0.0,0.008369922637939453,0,0,0,0
1771738868.410038,10.0.0.1,10.0.0.2,49096,5001,88389,29,1448,6.9141387939453125e-06,0.022011335891871243,0.1,0.0,0.008369922637939453,0,0,0,0
1771738868.450382,10.0.0.1,10.0.0.2,49096,5001,89837,29,1448,0.0403439998626709,0.01798943959325255,0.1,0.0,0.008369922637939453,0,0,0,0
1771738868.490567,10.0.0.1,10.0.0.2,49096,5001,92733,29,1448,0.040184974670410156,0.017986225962184074,0.1,0.0,0.008369922637939453,0,1,0,1
1771738868.490575,10.0.0.1,10.0.0.2,49096,5001,94181,29,1448,8.106231689453125e-06,0.022039443558486183,0.1,0.0,0.008369922637939453,0,0,0,0
1771738868.530731,10.0.0.1,10.0.0.2,49096,5001,91285,29,1448,0.040155887603759766,0.022029943313026407,0.0,0.0,0.008369922637939453,0,0,0,0
1771738882.585208,10.0.0.1,10.0.0.2,49096,5001,91285,29,1448,14.054476976394653,6.271883478137031,0.1,0.0,0.008369922637939453,1,0,0,1
1771738901.017176,10.0.0.1,10.0.0.2,49096,5001,91285,29,1448,18.431967973709106,9.01595503210797,0.2,0.0,0.008369922637939453,1,0,0,1
1771738799.705181,10.0.0.1,10.0.0.2,49108,5001,0,0,0,0.0,0.0,0.0,0.0,0.0,0,0,0,0
1771738801.753211,10.0.0.1,10.0.0.2,49108,5001,0,0,0,2.048030138015747,1.4481759986653555,0.5,0.0,0.0,1,0,0,1
1771738802.834866,10.0.0.1,10.0.0.2,49108,5001,1,1,60,1.0816550254821777,1.0245556677975027,0.3333333333333333,0.0,0.0,0,0,0,0
1771738803.821274,10.0.0.1,10.0.0.2,49108,5001,61,1,0,0.986407995223999,0.8370284843010867,0.25,1.0,0.0,0,0,1,0
1771738813.977212,10.0.0.1,10.0.0.2,49108,5001,1,1,60,10.155937910079956,4.145549011923616,0.4,1.0,0.0,1,0,0,1
1771738814.017362,10.0.0.1,10.0.0.2,49108,5001,1509,1,1448,0.04015016555786133,4.138670870749908,0.3333333333333333,1.0,0.0,0,1,0,1
1771738814.017365,10.0.0.1,10.0.0.2,49108,5001,2957,1,1448,2.86102294921875e-06,4.336063039739925,0.2857142857142857,1.0,0.0,0,0,0,0
1771738814.057444,10.0.0.1,10.0.0.2,49108,5001,61,1,1448,0.04007911682128906,4.442129059527338,0.25,1.0,0.0,0,0,0,0
1771738814.057445,10.0.0.1,10.0.0.2,49108,5001,1509,1,1448,9.5367431640625e-07,4.532947546223596,0.2222222222222222,1.0,0.0,0,0,0,0
1771738814.097531,10.0.0.1,10.0.0.2,49108,5001,4405,1,1448,0.04008603096008301,0.02196544315756685,0.2,1.0,0.0,0,0,0,0
1771738831.89721,10.0.0.1,10.0.0.2,49108,5001,1509,1,1448,17.799678802490234,7.951320448164885,0.3,1.0,0.0,1,0,0,1
1771738831.937376,10.0.0.1,10.0.0.2,49108,5001,5853,1,1448,0.04016613960266113,7.946823781484876,0.2,1.0,0.0,0,0,0,0
1771738831.937379,10.0.0.1,10.0.0.2,49108,5001,7301,1,1448,2.86102294921875e-06,7.951310773665523,0.2,1.0,0.0,0,0,0,0
1771738831.938518,10.0.0.1,10.0.0.2,49108,5001,8749,1,1448,0.0011391639709472656,7.951182815560768,0.2,0.0,0.0,0,0,0,0
1771738831.978576,10.0.0.1,10.0.0.2,49108,5001,10197,1,2896,0.04005789756774902,7.951185943510146,0.1,0.0,0.0,0,0,0,0
1771738831.979719,10.0.0.1,10.0.0.2,49108,5001,13093,1,1448,0.0011429786682128906,0.021558117190993323,0.1,0.0,0.0,0,0,0,0
1771738831.991204,10.0.0.1,10.0.0.2,49108,5001,7301,1,1448,0.011485099792480469,0.0170268614177237,0.1,0.0,0.0,0,0,0,0
1771738832.01976,10.0.0.1,10.0.0.2,49108,5001,14541,1,1448,0.028555870056152344,0.017300710395022786,0.1,0.0,0.0,0,0,0,0
1771738832.031271,10.0.0.1,10.0.0.2,49108,5001,15989,1,1448,0.011511087417602539,0.015533597366470182,0.1,0.0,0.0,0,0,0,0
1771738832.059881,10.0.0.1,10.0.0.2,49108,5001,17437,1,1448,0.0286099910736084,0.01201651854276602,0.1,0.0,0.0,0,0,0,0
1771738832.059887,10.0.0.1,10.0.0.2,49108,5001,18885,1,1448,5.9604644775390625e-06,0.012379419040002667,0.0,0.0,0.0,0,0,0,0
1771738832.071329,10.0.0.1,10.0.0.2,49108,5001,20333,1,1448,0.011442184448242188,0.012383375322471885,0.0,0.0,0.0,0,0,0,0
1771738832.099943,10.0.0.1,10.0.0.2,49108,5001,21781,1,1448,0.028613805770874023,0.012398050153211184,0.0,0.0,0.0,0,0,0,0
1771738832.100046,10.0.0.1,10.0.0.2,49108,5001,23229,1,1448,0.000102996826171875,0.01433716554376087,0.0,0.0,0.0,0,0,0,0
1771738832.140013,10.0.0.1,10.0.0.2,49108,5001,20333,1,1448,0.03996706008911133,0.0177681053668897,0.0,0.0,0.0,0,0,0,0
1771738850.32921,10.0.0.1,10.0.0.2,49108,5001,20333,1,1448,18.189197063446045,8.125512345062965,0.1,0.0,0.0,1,0,0,1
1771738866.71321,10.0.0.1,10.0.0.2,49108,5001,24677,1,1448,16.384000062942505,9.477246175834944,0.1,0.0,0.0,0,0,0,0
1771738877.997569,10.0.0.1,10.0.0.2,49108,5001,26125,1,1448,11.284358978271484,8.736450728826128,0.1,0.0,0.010068178176879883,0,0,0,0
1771738877.997573,10.0.0.1,10.0.0.2,49108,5001,27573,29,1448,3.814697265625e-06,8.736476781660542,0.1,0.0,0.010068178176879883,0,0,0,0
1771738895.8972,10.0.0.1,10.0.0.2,49108,5001,26125,29,1448,17.899627208709717,7.648855756582081,0.2,0.0,0.010068178176879883,1,0,0,1
1771738931.225182,10.0.0.1,10.0.0.2,49108,5001,26125,29,1448,35.32798194885254,12.800425000769554,0.3,0.0,0.010068178176879883,1,0,0,1
1771738931.265662,10.0.0.1,10.0.0.2,49108,5001,31917,29,1448,0.04047989845275879,14.683303026046694,0.3,0.0,0.010068178176879883,0,1,0,1
1771738931.3063,10.0.0.1,10.0.0.2,49108,5001,33365,29,1448,0.040637969970703125,15.812195420680453,0.3,0.0,0.010068178176879883,0,0,0,0
1771738802.807292,10.0.0.2,10.0.0.1,5001,49062,0,1,0,0.0,0.0,0.0,0.0,0.0,0,0,0,0
1771738802.847973,10.0.0.2,10.0.0.1,5001,49062,1,2957,0,0.04068112373352051,0.02876589845826135,0.0,0.0,0.0,0,0,0,0
1771738802.849204,10.0.0.2,10.0.0.1,5001,49062,1,2957,0,0.0012309551239013672,0.02314009824981463,0.0,0.0,0.0,0,0,0,0
1771738802.891704,10.0.0.2,10.0.0.1,5001,49062,1,2957,0,0.04250001907348633,0.023673966930726934,0.0,0.0,0.018499135971069336,0,0,0,0
1771738802.903307,10.0.0.2,10.0.0.1,5001,49062,1,4405,0,0.01160287857055664,0.020937838645580634,0.0,0.0,0.018499135971069336,0,0,0,0
1771738802.932936,10.0.0.2,10.0.0.1,5001,49062,1,4405,0,0.029628992080688477,0.01815174436942441,0.0,1.0,0.018499135971069336,0,0,1,0
1771738802.943347,10.0.0.2,10.0.0.1,5001,49062,1,4405,0,0.01041102409362793,0.01665401814787755,0.0,2.0,0.00039196014404296875,0,0,1,0
1771738802.972998,10.0.0.2,10.0.0.1,5001,49062,1,18885,0,0.02965092658996582,0.013613774915508836,0.0,2.0,0.03003978729248047,0,0,0,0
1771738802.973016,10.0.0.2,10.0.0.1,5001,49062,1,24677,0,1.811981201171875e-05,0.013016766177473141,0.0,2.0,0.03003978729248047,0,0,0,0
1771738814.007805,10.0.0.2,10.0.0.1,5001,49062,1,26125,28,11.034789085388184,4.927130498062317,0.0,2.0,0.03003978729248047,0,0,0,0
1771738814.048656,10.0.0.2,10.0.0.1,5001,49062,29,30469,0,0.04085087776184082,4.925885203370471,0.0,2.0,0.028887033462524414,0,0,0,0
1771738814.049932,10.0.0.2,10.0.0.1,5001,49062,29,33365,0,0.0012760162353515625,4.926912663428304,0.0,2.0,0.028953075408935547,0,0,0,0
1771738814.051029,10.0.0.2,10.0.0.1,5001,49062,29,37709,0,0.001096963882446289,4.93010363324594,0.0,2.0,0.0288238525390625,0,0,0,0
1771738814.052249,10.0.0.2,10.0.0.1,5001,49062,29,39157,0,0.0012199878692626953,4.929968630849876,0.0,2.0,0.0288238525390625,0,0,0,0
1771738814.089972,10.0.0.2,10.0.0.1,5001,49062,29,39157,0,0.03772306442260742,0.020891765695555224,0.0,2.0,0.0288238525390625,0,0,0,0
1771738814.130032,10.0.0.2,10.0.0.1,5001,49062,29,39157,0,0.04006004333496094,0.020662426275158505,0.0,1.0,0.0288238525390625,0,0,0,0
1771738802.807345,10.0.0.2,10.0.0.1,5001,49064,0,1,0,0.0,0.0,0.0,0.0,0.0,0,0,0,0
1771738814.007429,10.0.0.2,10.0.0.1,5001,49064,1,61,28,11.20008397102356,7.919655325769514,0.0,0.0,0.0,0,0,0,0
1771738832.951266,10.0.0.2,10.0.0.1,5001,49064,29,1509,0,18.94383716583252,9.524324657297846,0.0,0.0,0.0,0,0,0,0
1771738832.991323,10.0.0.2,10.0.0.1,5001,49064,29,1509,0,0.04005694389343262,9.247419800274358,0.0,0.0,0.0,0,0,0,0
1771738833.031435,10.0.0.2,10.0.0.1,5001,49064,29,2957,0,0.04011201858520508,8.683532354258329,0.0,0.0,0.0,0,0,0,0
1771738850.871308,10.0.0.2,10.0.0.1,5001,49064,29,7301,0,17.83987307548523,9.226947236107923,0.0,0.0,0.0,0,0,0,0
1771738850.911534,10.0.0.2,10.0.0.1,5001,49064,29,7301,0,0.040225982666015625,10.059228022750734,0.0,1.0,0.0,0,0,1,0
1771738850.91258,10.0.0.2,10.0.0.1,5001,49064,29,7301,0,0.0010459423065185547,7.964674259673993,0.0,2.0,0.0,0,0,1,0
1771738873.911277,10.0.0.2,10.0.0.1,5001,49064,29,13093,0,22.99869704246521,11.317197501137866,0.0,2.0,0.0,0,0,0,0
1771738873.951369,10.0.0.2,10.0.0.1,5001,49064,29,13093,0,0.04009199142456055,11.317201104037421,0.0,3.0,0.0,0,0,1,0
1771738873.951407,10.0.0.2,10.0.0.1,5001,49064,29,13093,0,3.790855407714844e-05,10.276248093273699,0.0,4.0,0.0,0,0,1,0
1771738914.871713,10.0.0.2,10.0.0.1,5001,49064,29,17437,0,40.92030596733093,18.60935395719207,0.0,4.0,0.0,0,0,0,0
1771738914.913335,10.0.0.2,10.0.0.1,5001,49064,29,20333,0,0.041622161865234375,18.60238906657313,0.0,4.0,0.0,0,0,0,0
1771738930.231322,10.0.0.2,10.0.0.1,5001,49064,29,21781,0,15.317986965179443,17.85165266344927,0.0,4.0,0.0,0,0,0,0
1771738799.736206,10.0.0.2,10.0.0.1,5001,49082,0,1,0,0.0,0.0,0.0,0.0,0.0,0,0,0,0
1771738802.865067,10.0.0.2,10.0.0.1,5001,49082,1,1,0,3.1288609504699707,2.2124387954671025,0.0,0.0,0.0,0,0,0,0
1771738802.873396,10.0.0.2,10.0.0.1,5001,49082,1,1,0,0.008328914642333984,1.8040491680670987,0.0,1.0,0.0,0,0,1,0
1771738802.906215,10.0.0.2,10.0.0.1,5001,49082,1,1,0,0.03281903266906738,1.5576347672135291,0.0,2.0,0.02279496192932129,0,0,1,0
1771738802.947357,10.0.0.2,10.0.0.1,5001,49082,1,1,0,0.04114198684692383,1.3901719290623908,0.0,3.0,0.06393694877624512,0,0,1,0
1771738802.987411,10.0.0.2,10.0.0.1,5001,49082,1,15989,0,0.0400540828704834,1.3856539567654385,0.0,3.0,0.030038118362426758,0,0,0,0
1771738802.987427,10.0.0.2,10.0.0.1,5001,49082,1,17437,0,1.5974044799804688e-05,0.019033254666673483,0.0,3.0,0.030038118362426758,0,0,0,0
1771738803.027472,10.0.0.2,10.0.0.1,5001,49082,1,20333,0,0.04004502296447754,0.017534229239096928,0.0,3.0,0.11124610900878906,0,0,0,0
1771738803.06777,10.0.0.2,10.0.0.1,5001,49082,1,23229,0,0.0402979850769043,0.018059051776822085,0.0,3.0,0.028996944427490234,0,0,0,0
1771738803.199285,10.0.0.2,10.0.0.1,5001,49082,1,24677,0,0.1315150260925293,0.04856570485288916,0.0,3.0,0.028996944427490234,0,0,0,0
1771738803.559291,10.0.0.2,10.0.0.1,5001,49082,1,26125,0,0.36000585556030273,0.14553232814090597,0.0,3.0,0.028996944427490234,0,0,0,0
1771738803.86328,10.0.0.2,10.0.0.1,5001,49082,1,29021,0,0.3039891719818115,0.14925954671648606,0.0,3.0,0.028996944427490234,0,0,0,0
1771738803.903332,10.0.0.2,10.0.0.1,5001,49082,1,30469,0,0.040051937103271484,0.14925798188717476,0.0,2.0,0.028996944427490234,0,0,0,0
1771738803.94341,10.0.0.2,10.0.0.1,5001,49082,1,30469,0,0.040077924728393555,0.1493077193355249,0.0,2.0,0.028996944427490234,0,0,1,0
1771738807.863396,10.0.0.2,10.0.0.1,5001,49082,1,33365,0,3.9199860095977783,1.6763597652575515,0.0,1.0,0.028996944427490234,0,0,0,0
1771738807.903558,10.0.0.2,10.0.0.1,5001,49082,1,34813,0,0.040162086486816406,1.7094583750306096,0.0,1.0,0.03008413314819336,0,0,0,0
1771738807.903602,10.0.0.2,10.0.0.1,5001,49082,1,36261,0,4.38690185546875e-05,1.73970353905722,0.0,1.0,0.03008413314819336,0,0,0,0
1771738807.94365,10.0.0.2,10.0.0.1,5001,49082,1,37709,0,0.04004812240600586,1.739703960068661,0.0,1.0,0.03004598617553711,0,0,0,0
1771738808.631292,10.0.0.2,10.0.0.1,5001,49082,1,40605,0,0.6876420974731445,1.6916789693104013,0.0,1.0,0.03004598617553711,0,0,0,0
1771738812.023311,10.0.0.2,10.0.0.1,5001,49082,1,42053,0,3.3920187950134277,1.4595274487806942,0.0,1.0,0.03004598617553711,0,0,0,0
1771738812.064732,10.0.0.2,10.0.0.1,5001,49082,1,47845,0,0.04142117500305176,1.459356777658989,0.0,1.0,0.03136014938354492,0,0,0,0
1771738814.008017,10.0.0.2,10.0.0.1,5001,49082,1,47845,28,1.9432849884033203,1.4409668922404897,0.0,1.0,1.9197921752929688,0,0,0,0
1771738814.053435,10.0.0.2,10.0.0.1,5001,49082,29,47845,0,0.04541802406311035,1.4398683509346444,0.0,1.0,1.965210199356079,0,0,0,0
1771738819.639317,10.0.0.2,10.0.0.1,5001,49082,29,56533,0,5.585881948471069,2.3586373782695245,0.0,0.0,1.965210199356079,0,0,0,0
1771738819.679408,10.0.0.2,10.0.0.1,5001,49082,29,57981,0,0.04009103775024414,2.4114650476300565,0.0,0.0,0.030057191848754883,0,0,0,0
1771738819.679436,10.0.0.2,10.0.0.1,5001,49082,29,59429,0,2.7894973754882812e-05,2.417920630406204,0.0,0.0,0.030057191848754883,0,0,0,0
1771738825.783297,10.0.0.2,10.0.0.1,5001,49082,29,60877,0,6.103861093521118,3.1910587455545705,0.0,0.0,0.030057191848754883,0,0,0,0
1771738825.823365,10.0.0.2,10.0.0.1,5001,49082,29,60877,0,0.04006791114807129,3.192027577309344,0.0,0.0,0.030057191848754883,0,0,0,0
1771738825.823383,10.0.0.2,10.0.0.1,5001,49082,29,60877,0,1.811981201171875e-05,2.7208361940285677,0.0,0.0,0.030057191848754883,0,0,0,0
1771738825.86343,10.0.0.2,10.0.0.1,5001,49082,29,62325,0,0.04004693031311035,2.7208410441073134,0.0,0.0,0.030041933059692383,0,0,0,0
1771738825.863444,10.0.0.2,10.0.0.1,5001,49082,29,66669,0,1.4066696166992188e-05,2.720842615547905,0.0,0.0,0.030041933059692383,0,0,0,0
1771738825.903573,10.0.0.2,10.0.0.1,5001,49082,29,69565,0,0.04012894630432129,0.021944617742574196,0.0,0.0,0.030041933059692383,0,0,0,0
1771738825.943686,10.0.0.2,10.0.0.1,5001,49082,29,72461,0,0.040112972259521484,0.021952845586966908,0.0,0.0,0.02891993522644043,0,0,0,0
1771738825.983759,10.0.0.2,10.0.0.1,5001,49082,29,78253,0,0.04007291793823242,0.017922728988322163,0.0,0.0,0.02891993522644043,0,0,0,0
1771738826.023844,10.0.0.2,10.0.0.1,5001,49082,29,81149,0,0.0400850772857666,0.017926978405503547,0.0,0.0,0.02891397476196289,0,0,0,0
1771738826.025205,10.0.0.2,10.0.0.1,5001,49082,29,84045,0,0.0013608932495117188,0.017324659735762443,0.0,0.0,0.02891397476196289,0,0,0,0
1771738828.663578,10.0.0.2,10.0.0.1,5001,49082,29,85493,0,2.6383731365203857,1.1664380443562647,0.0,0.0,0.02891397476196289,0,0,0,0
1771738828.703643,10.0.0.2,10.0.0.1,5001,49082,29,85493,0,0.04006505012512207,1.1664433021644867,0.0,0.0,0.02891397476196289,0,0,0,0
1771738828.703656,10.0.0.2,10.0.0.1,5001,49082,29,85493,0,1.2874603271484375e-05,1.1709674108050145,0.0,0.0,0.02891397476196289,0,0,0,0
1771738828.743738,10.0.0.2,10.0.0.1,5001,49082,29,86941,0,0.04008197784423828,1.170967744246111,0.0,0.0,0.029976844787597656,0,0,0,0
1771738830.711296,10.0.0.2,10.0.0.1,5001,49082,29,88389,0,1.9675581455230713,1.2692142765087453,0.0,0.0,0.029976844787597656,0,0,0,0
1771738830.751563,10.0.0.2,10.0.0.1,5001,49082,29,94181,0,0.040266990661621094,0.8666288068561181,0.0,0.0,0.029976844787597656,0,0,0,0
1771738830.791745,10.0.0.2,10.0.0.1,5001,49082,29,95629,0,0.040181875228881836,0.8666160851250215,0.0,0.0,0.03005194664001465,0,0,0,0
1771738830.791844,10.0.0.2,10.0.0.1,5001,49082,29,97077,0,9.894371032714844e-05,0.866605717109438,0.0,0.0,0.03005194664001465,0,0,0,0
1771738830.831836,10.0.0.2,10.0.0.1,5001,49082,29,98525,0,0.03999209403991699,0.8666155079444469,0.0,0.0,0.03005194664001465,0,0,0,0
1771738832.119372,10.0.0.2,10.0.0.1,5001,49082,29,104317,0,1.2875359058380127,0.5625941260766208,0.0,0.0,0.03005194664001465,0,0,0,0
1771738832.159463,10.0.0.2,10.0.0.1,5001,49082,29,105765,0,0.04009103775024414,0.5626130018445131,0.0,0.0,0.030063867568969727,0,0,0,0
1771738832.199535,10.0.0.2,10.0.0.1,5001,49082,29,107213,0,0.040071964263916016,0.5626247936319719,0.0,0.0,0.030063867568969727,0,0,0,0
1771738832.239626,10.0.0.2,10.0.0.1,5001,49082,29,107213,0,0.04009103775024414,0.557887500864058,0.0,0.0,0.030063867568969727,0,0,0,0
1771738833.01528,10.0.0.2,10.0.0.1,5001,49082,29,113005,0,0.7756540775299072,0.572434000849919,0.0,0.0,0.7656199932098389,0,0,0,0
1771738833.719358,10.0.0.2,10.0.0.1,5001,49082,29,114453,0,0.704077959060669,0.38412051378883644,0.0,0.0,0.6940560340881348,0,0,0,0
1771738833.759527,10.0.0.2,10.0.0.1,5001,49082,29,117349,0,0.04016900062561035,0.38410631234571707,0.0,0.0,0.6940560340881348,0,0,0,0
1771738850.871273,10.0.0.2,10.0.0.1,5001,49082,29,118797,0,17.111746072769165,7.486415671530551,0.0,0.0,0.6940560340881348,0,0,0,0
1771738854.135281,10.0.0.2,10.0.0.1,5001,49082,29,120245,0,3.264008045196533,7.222891349939875,0.0,0.0,0.6940560340881348,0,0,0,0
1771738854.175388,10.0.0.2,10.0.0.1,5001,49082,29,124589,0,0.040107011795043945,7.321449911050129,0.0,0.0,0.6940560340881348,0,0,0,0
1771738881.079294,10.0.0.2,10.0.0.1,5001,49082,29,126037,0,26.903905868530273,12.02805333083337,0.0,0.0,26.893878936767578,0,0,0,0
1771738884.599367,10.0.0.2,10.0.0.1,5001,49082,29,127485,0,3.5200729370117188,11.431758507395234,0.0,0.0,29.59815788269043,0,0,0,0
1771738884.639546,10.0.0.2,10.0.0.1,5001,49082,29,128933,0,0.04017901420593262,11.388687208077553,0.0,0.0,0.030119895935058594,0,0,0,0
1771738884.639567,10.0.0.2,10.0.0.1,5001,49082,29,131829,0,2.09808349609375e-05,11.727233228749967,0.0,0.0,0.030119895935058594,0,0,0,0
1771738884.679624,10.0.0.2,10.0.0.1,5001,49082,29,133277,0,0.04005718231201172,11.727239666861822,0.0,0.0,0.03005504608154297,0,0,0,0
1771738884.679642,10.0.0.2,10.0.0.1,5001,49082,29,134725,0,1.7881393432617188e-05,1.5653778517955124,0.0,0.0,0.028922080993652344,0,0,0,0
1771738884.719802,10.0.0.2,10.0.0.1,5001,49082,29,134725,0,0.04015994071960449,0.021970632766075086,0.0,0.0,0.06908202171325684,0,0,0,0
1771738901.560002,10.0.0.2,10.0.0.1,5001,49082,29,139069,0,16.840200185775757,7.5222202887390015,0.0,0.0,16.86921715736389,0,0,0,0
1771738901.60057,10.0.0.2,10.0.0.1,5001,49082,29,139069,0,0.040567874908447266,7.517680500885237,0.0,0.0,16.90978503227234,0,0,0,0
1771738901.600593,10.0.0.2,10.0.0.1,5001,49082,29,139069,0,2.3126602172851562e-05,7.52216329302546,0.0,0.0,16.90980815887451,0,0,0,0
1771738916.919474,10.0.0.2,10.0.0.1,5001,49082,29,144861,0,15.318880796432495,8.808835865523742,0.0,0.0,16.90980815887451,0,0,0,0
1771738916.959656,10.0.0.2,10.0.0.1,5001,49082,29,146309,0,0.04018211364746094,8.808831833218337,0.0,0.0,0.030109882354736328,0,0,0,0
1771738916.95968,10.0.0.2,10.0.0.1,5001,49082,29,147757,0,2.4080276489257812e-05,6.841808108250985,0.0,0.0,0.030109882354736328,0,0,0,0
1771738921.079334,10.0.0.2,10.0.0.1,5001,49082,29,152101,0,4.119653940200806,6.628665442734212,0.0,0.0,0.030109882354736328,0,0,0,0
1771738921.119505,10.0.0.2,10.0.0.1,5001,49082,29,152101,0,0.040170907974243164,6.622788345457897,0.0,0.0,0.030109882354736328,0,0,0,0
1771738930.743295,10.0.0.2,10.0.0.1,5001,49082,29,156445,0,9.62379002571106,4.224112497546269,0.0,0.0,0.030109882354736328,0,0,0,0
1771738930.783402,10.0.0.2,10.0.0.1,5001,49082,29,157893,0,0.040107011795043945,4.2241246079674335,0.0,0.0,0.03005695343017578,0,0,0,0
1771738930.783429,10.0.0.2,10.0.0.1,5001,49082,29,159341,0,2.6941299438476562e-05,4.2241241398267,0.0,0.0,0.03005695343017578,0,0,0,0
1771738930.823567,10.0.0.2,10.0.0.1,5001,49082,29,162237,0,0.04013800621032715,4.2904589748335935,0.0,0.0,0.03005695343017578,0,0,0,0
1771738930.863671,10.0.0.2,10.0.0.1,5001,49082,29,165133,0,0.04010415077209473,4.290466399419208,0.0,0.0,0.03005695343017578,0,0,0,0
1771738930.903747,10.0.0.2,10.0.0.1,5001,49082,29,165133,0,0.04007601737976074,0.017924046003615173,0.0,0.0,0.03005695343017578,0,0,0,0
1771738932.471291,10.0.0.2,10.0.0.1,5001,49082,29,170925,0,1.5675439834594727,0.6877909762856977,0.0,0.0,0.03005695343017578,0,0,0,0
1771738799.736206,10.0.0.2,10.0.0.1,5001,49096,0,1,0,0.0,0.0,0.0,0.0,0.0,0,0,0,0
1771738802.787261,10.0.0.2,10.0.0.1,5001,49096,0,1,0,3.0510549545288086,2.157421648120134,0.5,0.0,0.0,1,0,0,1
1771738802.855355,10.0.0.2,10.0.0.1,5001,49096,1,2957,0,0.06809401512145996,1.742203063962413,0.3333333333333333,0.0,0.02776813507080078,0,0,0,0
1771738802.858222,10.0.0.2,10.0.0.1,5001,49096,1,2957,28,0.002866983413696289,1.5140272396545107,0.25,0.0,0.03063511848449707,0,0,0,0
1771738802.860481,10.0.0.2,10.0.0.1,5001,49096,29,2957,0,0.0022590160369873047,1.3565920201637032,0.2,0.0,0.032894134521484375,0,0,0,0
1771738802.862565,10.0.0.2,10.0.0.1,5001,49096,29,2957,0,0.002084016799926758,1.356352341261194,0.16666666666666666,0.0,0.03497815132141113,0,0,0,0
1771738802.89664,10.0.0.2,10.0.0.1,5001,49096,29,2957,0,0.034075021743774414,0.029252403420350886,0.14285714285714285,1.0,0.06905317306518555,0,0,1,0
1771738802.937829,10.0.0.2,10.0.0.1,5001,49096,29,2957,0,0.041188955307006836,0.019460929482407647,0.125,2.0,0.11024212837219238,0,0,1,0
1771738802.977884,10.0.0.2,10.0.0.1,5001,49096,29,4405,0,0.040055036544799805,0.020047994331858266,0.1111111111111111,2.0,0.11024212837219238,0,0,0,0
1771738803.017936,10.0.0.2,10.0.0.1,5001,49096,29,11645,0,0.040051937103271484,0.016674310573934745,0.1,2.0,0.030040979385375977,0,0,0,0
1771738803.05821,10.0.0.2,10.0.0.1,5001,49096,29,17437,0,0.04027390480041504,0.0028638381438689797,0.1,2.0,0.030040979385375977,0,0,0,0
1771738803.831388,10.0.0.2,10.0.0.1,5001,49096,29,21781,0,0.7731781005859375,0.3277120367563755,0.0,2.0,0.030040979385375977,0,0,0,0
1771738803.87147,10.0.0.2,10.0.0.1,5001,49096,29,21781,0,0.04008197784423828,0.32783547852830275,0.0,2.0,0.030040979385375977,0,0,0,0
1771738803.872589,10.0.0.2,10.0.0.1,5001,49096,29,21781,0,0.0011191368103027344,0.3326179902901044,0.0,3.0,0.030040979385375977,0,0,1,0
1771738803.911543,10.0.0.2,10.0.0.1,5001,49096,29,23229,0,0.03895378112792969,0.33273297039424476,0.0,3.0,0.0289459228515625,0,0,0,0
1771738803.912629,10.0.0.2,10.0.0.1,5001,49096,29,24677,0,0.0010859966278076172,0.33724042090735806,0.0,3.0,0.02992081642150879,0,0,0,0
1771738803.912833,10.0.0.2,10.0.0.1,5001,49096,29,27573,0,0.0002040863037109375,0.021211898828361293,0.0,2.0,0.07140088081359863,0,0,0,0
1771738830.903268,10.0.0.2,10.0.0.1,5001,49096,29,30469,0,26.990435123443604,12.065876325993308,0.0,1.0,0.07140088081359863,0,0,0,0
1771738830.943355,10.0.0.2,10.0.0.1,5001,49096,29,30469,0,0.040086984634399414,12.061523946765726,0.0,2.0,0.07140088081359863,0,0,1,0
1771738830.983484,10.0.0.2,10.0.0.1,5001,49096,29,33365,0,0.04012894630432129,12.061393029871066,0.0,2.0,0.07140088081359863,0,0,0,0
1771738831.023606,10.0.0.2,10.0.0.1,5001,49096,29,40605,0,0.040122032165527344,12.057024908919564,0.0,2.0,0.07140088081359863,0,0,0,0
1771738831.063693,10.0.0.2,10.0.0.1,5001,49096,29,40605,0,0.040086984634399414,12.052553481257666,0.0,2.0,0.07140088081359863,0,0,0,0
1771738831.103789,10.0.0.2,10.0.0.1,5001,49096,29,43501,0,0.04009604454040527,1.9934719757213837e-05,0.0,2.0,0.07140088081359863,0,0,0,0
1771738831.14385,10.0.0.2,10.0.0.1,5001,49096,29,44949,0,0.040060997009277344,2.7497955425286908e-05,0.0,1.0,0.07140088081359863,0,0,0,0
1771738831.183919,10.0.0.2,10.0.0.1,5001,49096,29,46397,0,0.040068864822387695,2.4052302120894785e-05,0.0,1.0,0.030050039291381836,0,0,0,0
1771738831.224036,10.0.0.2,10.0.0.1,5001,49096,29,49293,0,0.04011702537536621,2.2266320078690437e-05,0.0,1.0,0.03009486198425293,0,0,0,0
1771738831.26423,10.0.0.2,10.0.0.1,5001,49096,29,53637,0,0.040194034576416016,5.330407757988184e-05,0.0,1.0,0.03009486198425293,0,0,0,0
1771738831.304416,10.0.0.2,10.0.0.1,5001,49096,29,55085,0,0.04018592834472656,6.282603825186757e-05,0.0,1.0,0.030128002166748047,0,0,0,0
1771738848.311517,10.0.0.2,10.0.0.1,5001,49096,29,56533,0,17.00710105895996,7.587855005661434,0.0,0.0,0.030128002166748047,0,0,0,0
1771738848.351987,10.0.0.2,10.0.0.1,5001,49096,29,57981,0,0.04046988487243652,7.587810171284556,0.0,0.0,0.030383825302124023,0,0,0,0
1771738848.352014,10.0.0.2,10.0.0.1,5001,49096,29,59429,0,2.7179718017578125e-05,7.592312362599418,0.0,0.0,0.030383825302124023,0,0,0,0
1771738848.392475,10.0.0.2,10.0.0.1,5001,49096,29,60877,0,0.040460824966430664,7.592282623112173,0.0,0.0,0.03036785125732422,0,0,0,0
1771738848.392502,10.0.0.2,10.0.0.1,5001,49096,29,62325,0,2.7179718017578125e-05,7.596779314549989,0.0,0.0,0.03036785125732422,0,0,0,0
1771738848.432925,10.0.0.2,10.0.0.1,5001,49096,29,62325,0,0.040422916412353516,0.022141159576241933,0.0,0.0,0.03036785125732422,0,0,0,0
1771738848.485268,10.0.0.2,10.0.0.1,5001,49096,29,63773,0,0.052343130111694336,0.02478970538395922,0.0,0.0,0.08271312713623047,0,0,0,0
1771738848.525343,10.0.0.2,10.0.0.1,5001,49096,29,66669,0,0.040074825286865234,0.02005184700444187,0.0,0.0,0.08271312713623047,0,0,0,0
1771738857.527268,10.0.0.2,10.0.0.1,5001,49096,29,69565,0,9.001924991607666,4.010976956245976,0.0,0.0,0.08271312713623047,0,0,0,0
1771738857.567372,10.0.0.2,10.0.0.1,5001,49096,29,71013,0,0.04010415077209473,4.006450852969611,0.0,0.0,0.030061006546020508,0,0,0,0
1771738857.567392,10.0.0.2,10.0.0.1,5001,49096,29,72461,0,2.002716064453125e-05,4.011013268533725,0.0,0.0,0.028940200805664062,0,0,0,0
1771738857.568495,10.0.0.2,10.0.0.1,5001,49096,29,73909,0,0.0011029243469238281,4.016742052113336,0.0,0.0,0.028940200805664062,0,0,0,0
1771738857.608542,10.0.0.2,10.0.0.1,5001,49096,29,73909,0,0.04004693031311035,4.016745136558433,0.0,1.0,0.028940200805664062,0,0,1,0
1771738857.648605,10.0.0.2,10.0.0.1,5001,49096,29,73909,0,0.04006314277648926,0.021643877677131364,0.0,2.0,0.018400192260742188,0,0,1,0
1771738857.660245,10.0.0.2,10.0.0.1,5001,49096,29,75357,0,0.011639833450317383,0.020127351105816756,0.0,2.0,0.0016179084777832031,0,0,0,0
1771738857.688665,10.0.0.2,10.0.0.1,5001,49096,29,76805,0,0.028419971466064453,0.017405390411222854,0.0,2.0,0.018405914306640625,0,0,0,0
1771738868.279363,10.0.0.2,10.0.0.1,5001,49096,29,82597,0,10.590698003768921,4.7228830719012365,0.0,2.0,0.018405914306640625,0,0,0,0
1771738868.319605,10.0.0.2,10.0.0.1,5001,49096,29,84045,0,0.04024219512939453,4.722861344861847,0.0,2.0,0.03015899658203125,0,0,0,0
1771738868.359776,10.0.0.2,10.0.0.1,5001,49096,29,84045,0,0.040170907974243164,4.722849353497882,0.0,3.0,0.07032990455627441,0,0,1,0
1771738868.399972,10.0.0.2,10.0.0.1,5001,49096,29,86941,0,0.04019594192504883,4.719644940504537,0.0,3.0,0.07032990455627441,0,0,0,0
1771738868.440332,10.0.0.2,10.0.0.1,5001,49096,29,89837,0,0.0403599739074707,4.718307250247898,0.0,3.0,0.07032990455627441,0,0,0,0
1771738868.480518,10.0.0.2,10.0.0.1,5001,49096,29,91285,0,0.040186166763305664,7.682720104474318e-05,0.0,3.0,0.07032990455627441,0,0,0,0
1771738868.520684,10.0.0.2,10.0.0.1,5001,49096,29,91285,0,0.04016590118408203,8.149189234647247e-05,0.0,3.0,0.07032990455627441,0,0,1,0
1771738801.783808,10.0.0.2,10.0.0.1,5001,49108,0,1,0,0.0,0.0,0.0,0.0,0.0,0,0,0,0
1771738803.811235,10.0.0.2,10.0.0.1,5001,49108,0,1,0,2.0274269580841064,1.433607350421686,0.5,0.0,0.9763689041137695,1,0,0,1
1771738814.007331,10.0.0.2,10.0.0.1,5001,49108,1,61,0,10.196095943450928,5.397499197945231,0.3333333333333333,0.0,0.9763689041137695,0,0,0,0
1771738814.04742,10.0.0.2,10.0.0.1,5001,49108,29,61,0,0.04008913040161133,4.846765061335024,0.25,0.0,0.9763689041137695,0,1,0,1
1771738814.087504,10.0.0.2,10.0.0.1,5001,49108,29,1509,0,0.040083885192871094,4.410154752681963,0.2,0.0,0.030058860778808594,0,0,0,0
1771738831.927315,10.0.0.2,10.0.0.1,5001,49108,29,5853,0,17.839811086654663,7.81995369431208,0.16666666666666666,0.0,0.030058860778808594,0,0,0,0
1771738831.968544,10.0.0.2,10.0.0.1,5001,49108,29,7301,0,0.0412290096282959,8.118764301536151,0.14285714285714285,0.0,0.031165122985839844,0,0,0,0
1771738832.008619,10.0.0.2,10.0.0.1,5001,49108,29,7301,0,0.040075063705444336,7.960152387197827,0.125,1.0,0.01741504669189453,0,0,1,0
1771738832.009747,10.0.0.2,10.0.0.1,5001,49108,29,7301,0,0.0011279582977294922,7.964526589252691,0.1111111111111111,2.0,0.018543004989624023,0,0,1,0
1771738832.021255,10.0.0.2,10.0.0.1,5001,49108,29,14541,0,0.011507987976074219,7.967722595059669,0.1,2.0,0.0014951229095458984,0,0,0,0
1771738832.04984,10.0.0.2,10.0.0.1,5001,49108,29,15989,0,0.028584957122802734,0.017707158384734436,0.1,2.0,0.018568992614746094,0,0,0,0
1771738832.061313,10.0.0.2,10.0.0.1,5001,49108,29,17437,0,0.011472940444946289,0.015550168028297907,0.0,2.0,0.0014319419860839844,0,0,0,0
1771738832.089922,10.0.0.2,10.0.0.1,5001,49108,29,18885,0,0.028609037399291992,0.012029957757946798,0.0,2.0,0.030035018920898438,0,0,0,0
1771738832.090024,10.0.0.2,10.0.0.1,5001,49108,29,20333,0,0.00010204315185546875,0.012356891802202185,0.0,2.0,0.01869487762451172,0,0,0,0
1771738832.129985,10.0.0.2,10.0.0.1,5001,49108,29,20333,0,0.03996109962463379,0.015808692955598447,0.0,2.0,0.05865597724914551,0,0,0,0
1771738832.130087,10.0.0.2,10.0.0.1,5001,49108,29,20333,0,0.00010180473327636719,0.01774191250836146,0.0,3.0,0.058757781982421875,0,0,1,0
1771738850.359315,10.0.0.2,10.0.0.1,5001,49108,29,24677,0,18.229228019714355,8.144688362819346,0.0,3.0,0.058757781982421875,0,0,0,0
1771738877.987501,10.0.0.2,10.0.0.1,5001,49108,1,26125,28,27.628185987472534,12.983696134795844,0.1,2.0,0.058757781982421875,1,0,0,1
1771738931.255438,10.0.0.2,10.0.0.1,5001,49108,29,29021,0,53.26793718338013,22.171717757663163,0.1,1.0,0.058757781982421875,0,0,0,0
1771738931.296087,10.0.0.2,10.0.0.1,5001,49108,29,29021,0,0.0406489372253418,22.171564247779703,0.1,2.0,0.058757781982421875,0,0,1,0
